{
    "Test Accuracy": 0.4348958333333333,
    "Test Precision": 0.3426289131511066,
    "Test Recall": 0.3459905893800833
}