{
    "Test Accuracy": 0.36221590909090906,
    "Test Precision": 0.3118158986520437,
    "Test Recall": 0.29040008914707555
}