{
    "train_loss": [
        2.0004637360572817,
        1.8743933081626891,
        1.7868352055549621,
        1.6911707997322083,
        1.6250441312789916,
        1.550051176548004,
        1.5401811838150024,
        1.5160067081451416,
        1.4272480726242065,
        1.392283034324646
    ],
    "train_acc": [
        0.2734375,
        0.28125,
        0.359375,
        0.3828125,
        0.40625,
        0.2890625,
        0.4453125,
        0.40625,
        0.46875,
        0.5234375
    ],
    "train_precision": [
        0.10074404761904762,
        0.1694157291983379,
        0.18682610993657506,
        0.21151007252980936,
        0.19602108036890645,
        0.16848863808227466,
        0.30122793396534814,
        0.2631570512820513,
        0.34548421639382737,
        0.3586944214569381
    ],
    "train_recall": [
        0.2025862068965517,
        0.2347727272727273,
        0.24207516339869284,
        0.2614283770799322,
        0.29727036943319834,
        0.24069368131868132,
        0.30687680375180376,
        0.264030787753698,
        0.37124831491607807,
        0.38626283846872084
    ],
    "val_loss": [
        1.9444468286302354,
        1.8734341992272272,
        1.7543325424194336,
        1.6945244206322565,
        1.7363384034898546,
        1.6319808562596638,
        1.6562000115712483,
        1.5529055065578885,
        1.5503110620710585,
        1.598103125890096
    ],
    "val_acc": [
        0.31707702020202017,
        0.34051452020202017,
        0.37263257575757575,
        0.3852588383838384,
        0.3768939393939394,
        0.4176925505050505,
        0.3802083333333333,
        0.424636994949495,
        0.42668876262626265,
        0.3864425505050505
    ],
    "val_precision": [
        0.15242817451068819,
        0.15508213945293073,
        0.19720430095425748,
        0.24948565863789193,
        0.20931663592089195,
        0.23620428574682015,
        0.26745007724220327,
        0.2567525194758739,
        0.30702392465245554,
        0.2961355535822044
    ],
    "val_recall": [
        0.20688579372798238,
        0.22361301993307148,
        0.25110916509891845,
        0.2714648770118959,
        0.26203457880405673,
        0.29385345635552507,
        0.2644649866957395,
        0.3078340995785302,
        0.3249938124194394,
        0.2896641991783988
    ]
}