{
    "train_loss": [
        1.9799676418304444,
        1.8307305216789245,
        1.7558804750442505,
        1.5175578594207764,
        1.5241853833198546,
        1.5323692560195923,
        1.502467405796051,
        1.480164647102356,
        1.4128501057624816,
        1.3529864192008971
    ],
    "train_acc": [
        0.203125,
        0.421875,
        0.34375,
        0.296875,
        0.484375,
        0.296875,
        0.40625,
        0.46875,
        0.40625,
        0.5625
    ],
    "train_precision": [
        0.09603174603174604,
        0.1831575021312873,
        0.15567092221503986,
        0.2077714932126697,
        0.2825487012987013,
        0.16796536796536798,
        0.2556818181818182,
        0.2782852564102564,
        0.2724244505494505,
        0.4601578976578976
    ],
    "train_recall": [
        0.1567765567765568,
        0.26671842650103517,
        0.21458333333333335,
        0.23057121971595657,
        0.3159722222222222,
        0.23153235653235654,
        0.29662698412698413,
        0.3423611111111111,
        0.2878925120772947,
        0.39740537240537244
    ],
    "val_loss": [
        1.948508573902978,
        1.7643176648351881,
        1.724337637424469,
        1.6685976849661932,
        1.6086273060904608,
        1.5957584844695196,
        1.5405341121885512,
        1.4942143029636807,
        1.4663843446307712,
        1.5054151945643954
    ],
    "val_acc": [
        0.2795138888888889,
        0.36689814814814814,
        0.3761574074074074,
        0.3755787037037037,
        0.41435185185185186,
        0.3917824074074074,
        0.40248842592592593,
        0.4363425925925926,
        0.4363425925925926,
        0.4320023148148148
    ],
    "val_precision": [
        0.14875811822369792,
        0.17941469048759834,
        0.2036562682899042,
        0.2235739026246525,
        0.2733571613361351,
        0.2688442015760091,
        0.31553407285068297,
        0.3288886100035616,
        0.3396993299843857,
        0.32367026250735986
    ],
    "val_recall": [
        0.1970498629196154,
        0.2530465406967323,
        0.25733523993727536,
        0.26910068839336043,
        0.3051722554888789,
        0.2822004157619861,
        0.31471806015955917,
        0.34576214794795435,
        0.3423738370460645,
        0.325401817234505
    ]
}