{
    "Accuracy IoU at 50%": 0.5565371024734982,
    "Accuracy IoU at 75%": 0.42402826855123676,
    "Accuracy IoU at 85%": 0.1978798586572438
}