{
    "Accuracy IoU at 50%": 0.07303877366997295,
    "Accuracy IoU at 75%": 0.016681695220919748,
    "Accuracy IoU at 85%": 0.0009017132551848512
}