{
    "Accuracy IoU at 50%": 0.5555555555555556,
    "Accuracy IoU at 75%": 0.42328042328042326,
    "Accuracy IoU at 85%": 0.19753086419753085
}