{
    "Test Accuracy": 0.8211151215805471,
    "Test Precision": 0.8251597620523715,
    "Test Recall": 0.7921719289928083
}