{
    "train_loss": [
        1.2912217497825622,
        0.8941150963306427,
        0.5137518912553787,
        0.29703508466482165,
        0.13931840360164643,
        0.09603535570204258,
        0.07599571496248245,
        0.07113260217010975,
        0.10272933542728424,
        0.07312456145882607
    ],
    "train_acc": [
        0.53125,
        0.6640625,
        0.875,
        0.921875,
        0.984375,
        0.9921875,
        0.984375,
        0.9921875,
        0.9921875,
        0.9921875
    ],
    "train_precision": [
        0.4340277777777778,
        0.6983266674028059,
        0.8678752990430622,
        0.9205650966680379,
        0.9890625,
        0.9940476190476191,
        0.9859848484848485,
        0.9928571428571429,
        0.9926470588235294,
        0.9921875
    ],
    "train_recall": [
        0.39597446472446474,
        0.584065934065934,
        0.8778173929828341,
        0.9280178518187239,
        0.9914402173913044,
        0.9910714285714286,
        0.9635416666666667,
        0.9920634920634921,
        0.99375,
        0.9940476190476191
    ],
    "val_loss": [
        1.3768451860972812,
        1.065650531223842,
        0.7904623440333776,
        0.7112181050436838,
        0.5859659399305072,
        0.5721996699060713,
        0.5491179091589792,
        0.566991639988763,
        0.6117511238370623,
        0.610424005133765
    ],
    "val_acc": [
        0.5084774436090225,
        0.640124530075188,
        0.7494971804511278,
        0.7750117481203008,
        0.8243421052631579,
        0.8274271616541353,
        0.8370841165413534,
        0.8320371240601504,
        0.8168303571428571,
        0.8208388157894736
    ],
    "val_precision": [
        0.44547383165716326,
        0.6234073177990755,
        0.7221656108316283,
        0.7891255788285266,
        0.8057827351545724,
        0.8196471517382431,
        0.8259562262373346,
        0.8262965220178871,
        0.8115246306918266,
        0.811702291172691
    ],
    "val_recall": [
        0.41134810835863533,
        0.6055252848300086,
        0.6843234010900787,
        0.710853389985041,
        0.7834811322106443,
        0.7867680927488199,
        0.7964061237729722,
        0.7877071903725559,
        0.774502174693921,
        0.7747721763740913
    ]
}