{
    "train_loss": [
        13.177510452270507,
        2.663613569736481,
        0.5458449140191078,
        0.23526356257498265,
        0.38791010798886416
    ],
    "train_acc": [
        0.3125,
        0.5,
        0.9375,
        0.90625,
        0.8125
    ],
    "train_precision": [
        0.3315018315018315,
        0.48464912280701755,
        0.9428571428571428,
        0.9285714285714285,
        0.873015873015873
    ],
    "train_recall": [
        0.2530612244897959,
        0.434375,
        0.9682539682539683,
        0.9111111111111111,
        0.7833333333333333
    ],
    "val_loss": [
        9.64110689163208,
        3.647980001994542,
        3.3746834278106688,
        3.3417234693254745,
        4.02731956754412
    ],
    "val_acc": [
        0.3083333333333333,
        0.32589285714285715,
        0.3907738095238095,
        0.37202380952380953,
        0.3208333333333333
    ],
    "val_precision": [
        0.26199523143516584,
        0.23942578634017714,
        0.27662412525782876,
        0.33325421614699824,
        0.2700778041403042
    ],
    "val_recall": [
        0.24524970919103564,
        0.2721713122478428,
        0.2858387927265478,
        0.30010102850664067,
        0.28172141350712787
    ]
}