{
    "Test Accuracy": 0.46764520202020204,
    "Test Precision": 0.4252378749707111,
    "Test Recall": 0.40312304244821723
}