{
    "train_loss": [
        2.0570754766464234,
        1.8304489254951477,
        1.6722256541252136,
        1.7073013544082642,
        1.5740102887153626,
        1.5866514801979066,
        1.520743763446808,
        1.4919253826141357,
        1.5066877961158753,
        1.3714926362037658,
        1.4011174201965333,
        1.3114660263061524,
        1.2544901847839356,
        1.3291165590286256,
        1.1803138256072998,
        1.2946664094924927,
        1.1678412914276124,
        1.1167306780815125,
        1.1862483263015746,
        1.070358830690384,
        1.1408266484737397,
        0.9976188719272614,
        0.9393660366535187,
        0.8886611640453339,
        1.1040245175361634,
        0.8912511467933655,
        0.8810449361801147,
        0.7603790640830994,
        0.961882209777832,
        0.7780678570270538,
        0.8153505504131318,
        0.6155787467956543,
        0.8305811703205108,
        0.7002979397773743,
        0.5054125040769577,
        0.7486953556537628,
        0.5862514346837997,
        0.4584002554416656,
        0.39620724618434905,
        0.5122294038534164
    ],
    "train_acc": [
        0.3125,
        0.3359375,
        0.359375,
        0.421875,
        0.421875,
        0.4296875,
        0.3671875,
        0.4375,
        0.46875,
        0.4609375,
        0.46875,
        0.484375,
        0.5546875,
        0.5703125,
        0.578125,
        0.578125,
        0.5625,
        0.515625,
        0.59375,
        0.640625,
        0.578125,
        0.671875,
        0.6484375,
        0.65625,
        0.6171875,
        0.671875,
        0.671875,
        0.71875,
        0.6015625,
        0.75,
        0.671875,
        0.7890625,
        0.65625,
        0.78125,
        0.8203125,
        0.7421875,
        0.828125,
        0.8671875,
        0.8828125,
        0.828125
    ],
    "train_precision": [
        0.12558994528043776,
        0.2220063025210084,
        0.15608198924731181,
        0.21497844827586207,
        0.3587061087061087,
        0.3102543121179024,
        0.32196035395763656,
        0.3439753651784992,
        0.3985240949526664,
        0.30679713804713804,
        0.3042929292929293,
        0.3199603174603175,
        0.49996843434343435,
        0.43634073194495193,
        0.38069358178053825,
        0.3617424242424242,
        0.3846572871572872,
        0.3878787041132242,
        0.5075521398890964,
        0.5218853450471097,
        0.5117441961191962,
        0.7170065964140726,
        0.6623466810966812,
        0.5743286523774329,
        0.6009623100012116,
        0.584375,
        0.5472254117833386,
        0.5895299145299145,
        0.5602716727716728,
        0.7135728686635945,
        0.6506883129125776,
        0.7750864021244456,
        0.5810653806977337,
        0.7178030303030303,
        0.7919774159663866,
        0.7390048333626709,
        0.8014750417710944,
        0.809343671679198,
        0.8919115040557166,
        0.7696051905610729
    ],
    "train_recall": [
        0.2152777777777778,
        0.26079676071055385,
        0.22987637362637361,
        0.2623009090400395,
        0.32044380252100835,
        0.3279048334921013,
        0.2689723320158103,
        0.3553022828564624,
        0.38435260391782133,
        0.35780198044129935,
        0.3481086609805145,
        0.39875464608920497,
        0.42670454545454545,
        0.4322712418300654,
        0.3903501716001716,
        0.41264658973637297,
        0.40267419467787113,
        0.41340074399284926,
        0.48239064856711916,
        0.520081252811516,
        0.499840660902042,
        0.5718211527035056,
        0.5264825594269329,
        0.5889774114774116,
        0.5604954798078736,
        0.5614089954163484,
        0.523066543690647,
        0.6034848882734912,
        0.5372147492392058,
        0.6730889724310777,
        0.6330408456486043,
        0.748895202020202,
        0.5719519927536232,
        0.7572997604247604,
        0.7590036718871747,
        0.6784608580274215,
        0.7875861528822055,
        0.8325393578053152,
        0.8938972211998528,
        0.8010325423368901
    ],
    "val_loss": [
        1.986852182282342,
        1.7848793268203735,
        1.8017556269963582,
        1.667415353986952,
        1.6514012946022882,
        1.6252406968010797,
        1.616520153151618,
        1.562541299396091,
        1.5627379814783733,
        1.637901054488288,
        1.5495083067152235,
        1.4675310717688665,
        1.5168492926491632,
        1.4680231544706557,
        1.5226602421866522,
        1.4596653514438205,
        1.4598107867770724,
        1.4702373345692952,
        1.4229852358500164,
        1.4727907710605197,
        1.4536629385418363,
        1.4995312293370564,
        1.5873698790868123,
        1.719455427593655,
        1.4540092547734578,
        1.559004333284166,
        1.6193697320090399,
        1.8382504913542006,
        1.5665455924140081,
        1.7604717943403456,
        1.6933707661098905,
        1.8339142799377441,
        1.7252946694691975,
        1.7621413071950276,
        2.05883871184455,
        1.7052824364768133,
        1.9155715041690402,
        2.0651623937818737,
        2.307355046272278,
        2.2332239283455744
    ],
    "val_acc": [
        0.29300820707070707,
        0.34761679292929293,
        0.35913825757575757,
        0.3837594696969697,
        0.3977272727272727,
        0.4143781565656566,
        0.3984375,
        0.43442234848484845,
        0.43434343434343436,
        0.4239267676767677,
        0.4367897727272727,
        0.4793244949494949,
        0.4769570707070707,
        0.48429608585858586,
        0.4708806818181819,
        0.4903724747474747,
        0.5013415404040403,
        0.4861111111111111,
        0.5045770202020202,
        0.5007102272727272,
        0.5204387626262625,
        0.5048137626262625,
        0.5202020202020202,
        0.4864267676767677,
        0.4906092171717171,
        0.5132575757575757,
        0.5036300505050505,
        0.484927398989899,
        0.5145991161616161,
        0.4847695707070707,
        0.48729482323232326,
        0.5006313131313131,
        0.49857954545454547,
        0.484927398989899,
        0.4826388888888889,
        0.4913194444444444,
        0.505050505050505,
        0.5084438131313131,
        0.5029198232323232,
        0.48192866161616155
    ],
    "val_precision": [
        0.17237683476678614,
        0.19423878425658903,
        0.22563037775372832,
        0.2539179134385813,
        0.29877725747260425,
        0.22646225876033935,
        0.2877995404784528,
        0.2910385884924585,
        0.34113558725380727,
        0.3060426972191105,
        0.33196900850753974,
        0.3870953885591616,
        0.35438630680016125,
        0.42148084858350265,
        0.38685024864911255,
        0.3442838308222316,
        0.4261737837063445,
        0.38441718042401735,
        0.43030553417776063,
        0.4352794885259292,
        0.4097044926374398,
        0.41203944388853664,
        0.4264073563263394,
        0.4063513584714333,
        0.38829414256344946,
        0.4600859116357221,
        0.41794634344980497,
        0.38866502715423423,
        0.42021759495472494,
        0.37305979998567274,
        0.40151024424317505,
        0.4249807832574247,
        0.4028591281394164,
        0.38313922652645444,
        0.39739677248598426,
        0.3969308742389771,
        0.39411592614771274,
        0.42372884447790615,
        0.41963937177349847,
        0.41674170633564006
    ],