{
    "Test Accuracy": 0.42732007575757575,
    "Test Precision": 0.31573756575110123,
    "Test Recall": 0.3160661869040876
}