{
    "train_loss": [
        3.0114623308181763,
        2.049679148197174,
        2.0315163016319273,
        1.946152126789093,
        1.7830629467964172,
        1.818004560470581,
        1.8093376159667969,
        1.742878007888794,
        1.6131330847740173,
        1.6276656985282898
    ],
    "train_acc": [
        0.2109375,
        0.2734375,
        0.3203125,
        0.2890625,
        0.34375,
        0.40625,
        0.3515625,
        0.4140625,
        0.4375,
        0.421875
    ],
    "train_precision": [
        0.1118279569892473,
        0.11952380952380953,
        0.2278113468274072,
        0.14672619047619048,
        0.26182663925785365,
        0.15855899419729208,
        0.2829265191965421,
        0.29522284720339753,
        0.3845366379310345,
        0.28860813099943533
    ],
    "train_recall": [
        0.16115900383141762,
        0.19420484539969834,
        0.2573741151866152,
        0.21518874643874647,
        0.2754992846420865,
        0.26875,
        0.28530897207367795,
        0.32317428947863736,
        0.33153318903318907,
        0.35253775023995615
    ],
    "val_loss": [
        2.4859566688537598,
        1.9803817007276747,
        2.068685703807407,
        1.9584777620103624,
        2.2158008416493735,
        2.0631839301851063,
        1.8770000139872234,
        1.8291859759224787,
        1.9186839660008748,
        1.762799514664544
    ],
    "val_acc": [
        0.2603377525252525,
        0.272885101010101,
        0.25844381313131315,
        0.2742266414141414,
        0.3006628787878788,
        0.24905303030303028,
        0.35598169191919193,
        0.36821338383838387,
        0.35550820707070707,
        0.4070391414141414
    ],
    "val_precision": [
        0.07265134415500801,
        0.204268885288199,
        0.16981546514266097,
        0.235553300549094,
        0.13722233557489583,
        0.2984109463372691,
        0.23790287025743537,
        0.2617956432369463,
        0.24588299145749495,
        0.2662573814818676
    ],
    "val_recall": [
        0.1303489558697892,
        0.22103242373952062,
        0.19560151064473594,
        0.22027316375714787,
        0.23920796710251643,
        0.25366101677836284,
        0.24949543819154116,
        0.25990435641961224,
        0.2578798541946647,
        0.297396997674668
    ]
}