{
    "Test Accuracy": 0.4952651515151515,
    "Test Precision": 0.4286897075216831,
    "Test Recall": 0.4327679245940293
}