{
    "Test Accuracy": 0.47089947089947093,
    "Test Precision": 0.3820220256582302,
    "Test Recall": 0.39173092177478147
}