{
    "Test Accuracy": 0.5066550925925926,
    "Test Precision": 0.4676474465460948,
    "Test Recall": 0.44636890068241886
}