{
    "train_loss": [
        1.6605487942695618,
        1.2850334882736205,
        0.8982702314853668,
        0.6414862096309661,
        0.31448849737644197,
        0.1850801818072796,
        0.13867067284882068,
        0.1397235706448555,
        0.10796462930738926,
        0.09266223292797804,
        0.12287980653345584,
        0.06316096466034651,
        0.11701769921928644,
        0.08030177541077137,
        0.09638815578073263,
        0.13570919465273618,
        0.07327100448310375,
        0.10265721473842859,
        0.11576414490118622,
        0.06885315794497729,
        0.06462259162217379,
        0.11436435608193278,
        0.059439629316329956,
        0.09517481476068497,
        0.07117132004350424,
        0.08707671044394374,
        0.046278690174221995,
        0.04914890406653285,
        0.13584251613356174,
        0.09196413401514292,
        0.0808120995759964,
        0.07023511212319136,
        0.09496745076030493,
        0.09469854822382331,
        0.16508470382541418,
        0.12552530840039253,
        0.05236406521871686,
        0.05069034034386277,
        0.0989528832025826,
        0.0728711630217731
    ],
    "train_acc": [
        0.421875,
        0.59375,
        0.765625,
        0.875,
        0.984375,
        1.0,
        0.984375,
        1.0,
        1.0,
        1.0,
        0.984375,
        0.984375,
        1.0,
        1.0,
        1.0,
        0.953125,
        1.0,
        1.0,
        0.984375,
        0.984375,
        1.0,
        1.0,
        1.0,
        0.96875,
        0.984375,
        0.96875,
        1.0,
        1.0,
        0.984375,
        0.96875,
        0.984375,
        1.0,
        0.96875,
        0.953125,
        0.984375,
        1.0,
        0.984375,
        1.0,
        0.96875,
        0.984375
    ],
    "train_precision": [
        0.31875,
        0.40549242424242427,
        0.670610119047619,
        0.7925595238095238,
        0.9886363636363636,
        1.0,
        0.984375,
        1.0,
        1.0,
        1.0,
        0.9904761904761905,
        0.9903846153846154,
        1.0,
        1.0,
        1.0,
        0.928125,
        1.0,
        1.0,
        0.9861111111111112,
        0.9903846153846154,
        1.0,
        1.0,
        1.0,
        0.96875,
        0.9791666666666667,
        0.9571428571428571,
        1.0,
        1.0,
        0.9926470588235294,
        0.9785714285714285,
        0.9861111111111112,
        1.0,
        0.9754464285714286,
        0.9604166666666667,
        0.96875,
        1.0,
        0.984375,
        1.0,
        0.9476190476190477,
        0.989010989010989
    ],
    "train_recall": [
        0.32460317460317456,
        0.44107142857142856,
        0.6369047619047619,
        0.7767857142857142,
        0.9916666666666667,
        1.0,
        0.9875,
        1.0,
        1.0,
        1.0,
        0.9897959183673469,
        0.9903846153846154,
        1.0,
        1.0,
        1.0,
        0.9565972222222222,
        1.0,
        1.0,
        0.9921875,
        0.9875,
        1.0,
        1.0,
        1.0,
        0.96875,
        0.9895833333333333,
        0.9782986111111112,
        1.0,
        1.0,
        0.9875,
        0.971875,
        0.975,
        1.0,
        0.96875,
        0.9100274725274726,
        0.9861111111111112,
        1.0,
        0.9886363636363636,
        1.0,
        0.9571428571428572,
        0.9795918367346939
    ],
    "val_loss": [
        1.596926834848192,
        1.6478194329473708,
        1.4906999336348639,
        1.4683030645052593,
        1.4019830955399408,
        1.4067357778549194,
        1.428889016310374,
        1.3780665927463107,
        1.4215883612632751,
        1.5095351073477004,
        1.4569831954108343,
        1.4656984276241727,
        1.4796980056497786,
        1.4464943276511297,
        1.5461578104231093,
        1.488997671339247,
        1.4517034689585369,
        1.5281762215826247,
        1.527986466884613,
        1.528879423936208,
        1.6049882703357272,
        1.5327186120880976,
        1.4981166885958777,
        1.6881418824195862,
        1.552454988161723,
        1.55127305454678,
        1.5384057362874348,
        1.6099342968728807,
        1.5698722071117825,
        1.5731880731052823,
        1.5323182675573561,
        1.5447656843397353,
        1.6209237674872081,
        1.833797984653049,
        1.8165174788898892,
        1.6346919735272725,
        1.7253075573179457,
        1.590147938993242,
        1.700769219133589,
        1.6339759627978008
    ],
    "val_acc": [
        0.4068287037037037,
        0.42939814814814814,
        0.46903935185185186,
        0.46759259259259256,
        0.5147569444444444,
        0.4947916666666667,
        0.5211226851851852,
        0.5190972222222222,
        0.5245949074074074,
        0.5234375,
        0.4965277777777778,
        0.5338541666666666,
        0.4913194444444444,
        0.5208333333333334,
        0.4959490740740741,
        0.5109953703703703,
        0.5167824074074074,
        0.515625,
        0.5104166666666666,
        0.5118634259259259,
        0.5086805555555556,
        0.5046296296296297,
        0.5237268518518519,
        0.47106481481481477,
        0.5060763888888888,
        0.5159143518518519,
        0.5182291666666666,
        0.5072337962962963,
        0.5185185185185186,
        0.5037615740740741,
        0.5271990740740741,
        0.515625,
        0.49450231481481477,
        0.46383101851851855,
        0.4696180555555556,
        0.5109953703703703,
        0.5208333333333334,
        0.5295138888888888,
        0.5109953703703703,
        0.5196759259259259
    ],
    "val_precision": [
        0.276535238606561,
        0.327449566405684,
        0.39947903926094863,
        0.40242181001558436,
        0.434311979792489,
        0.40144820316410484,
        0.42902818354816014,
        0.41812140462569386,
        0.4351154104758364,
        0.4164631401361865,
        0.4354524609338344,
        0.4643758820561582,
        0.41165464870907154,
        0.41301531301822947,
        0.42121826780898286,
        0.403706549862035,
        0.42454284763463035,
        0.4005428647404832,
        0.41946332163213984,
        0.4036551800236908,
        0.4051418104964578,
        0.4207608306011713,
        0.421019158419069,
        0.4399963491259496,
        0.41235176567832654,
        0.41024207267589574,
        0.43446033400758316,
        0.4412553609893328,
        0.42852418007504206,
        0.4094197559068454,
        0.41872430502619207,
        0.4351310341731537,
        0.4223768138839595,
        0.4053609758774554,
        0.40946406424017695,
        0.43484057980657276,
        0.40763432318145637,
        0.4100218183220956,
        0.40031433853817,
        0.45634328906387733
    ],