{
    "train_loss": [
        2.901876950263977,
        2.2797032952308656,
        2.246121072769165,
        2.061420571804047,
        2.0115087747573854,
        1.9660918235778808,
        1.9421298503875732,
        1.8624146699905395,
        1.7476765751838683,
        1.6211004495620727,
        1.6866431832313538,
        1.6574853301048278,
        1.7906971216201781,
        1.8273094177246094,
        1.5379138469696045,
        1.5493247389793396,
        1.3033754348754882,
        1.414732825756073,
        1.238680648803711,
        1.1738059878349305
    ],
    "train_acc": [
        0.125,
        0.265625,
        0.21875,
        0.234375,
        0.34375,
        0.296875,
        0.3046875,
        0.359375,
        0.3671875,
        0.515625,
        0.34375,
        0.4453125,
        0.3984375,
        0.390625,
        0.4921875,
        0.4453125,
        0.5,
        0.484375,
        0.609375,
        0.6015625
    ],
    "train_precision": [
        0.035,
        0.08994565217391304,
        0.16853582554517132,
        0.12228843311160385,
        0.15600700708552304,
        0.19353682170542635,
        0.23919554200751142,
        0.23439933944592328,
        0.24376027719050974,
        0.37074203320166543,
        0.23727661227661226,
        0.5076314616755793,
        0.32425864233639123,
        0.4221206624995829,
        0.44420546558704455,
        0.34650511033658593,
        0.4536874985888144,
        0.5435267857142857,
        0.5011303290255495,
        0.6841667583273754
    ],
    "train_recall": [
        0.11785714285714285,
        0.14495920745920746,
        0.14136904761904762,
        0.18262987012987011,
        0.2217023172905526,
        0.22090382205513784,
        0.20869155354449473,
        0.2671609579504316,
        0.23092410592410592,
        0.40140079199182466,
        0.27589975384093035,
        0.3613811980323016,
        0.35265753268470657,
        0.33831861960858123,
        0.38462527469880414,
        0.3346331908831909,
        0.41616788143122857,
        0.3873586091328026,
        0.5483395989974937,
        0.5416950440863484
    ],
    "val_loss": [
        2.3891846073998346,
        2.352076874838935,
        2.27211496565077,
        2.3267946508195667,
        2.0924958255555897,
        1.9822638697094388,
        2.115108940336439,
        1.8831421666675143,
        1.7777422004275851,
        2.085452251964145,
        1.9672319491704304,
        1.9746684630711873,
        1.9540619452794392,
        1.7386693557103474,
        1.810126092698839,
        1.7598075336880155,
        1.653539154264662,
        1.5402834282981024,
        1.5255693859524198,
        1.592428273624844
    ],
    "val_acc": [
        0.20864898989898992,
        0.12065972222222222,
        0.24605429292929293,
        0.27351641414141414,
        0.27146464646464646,
        0.31360479797979796,
        0.32875631313131315,
        0.3712121212121212,
        0.39125631313131315,
        0.2716224747474747,
        0.3498263888888889,
        0.3748421717171717,
        0.3229166666666667,
        0.4026199494949495,
        0.3930713383838384,
        0.3828125,
        0.4353693181818182,
        0.4664614898989899,
        0.4762468434343434,
        0.46077967171717177
    ],
    "val_precision": [
        0.06544790496172911,
        0.15827304254602362,
        0.14326883876753083,
        0.09144726167409793,
        0.16504084643736355,
        0.16169787640333835,
        0.19583742922787584,
        0.26826918021408586,
        0.27261583369508907,
        0.3041503044315979,
        0.25697718090446375,
        0.3200812921252591,
        0.33928695378369855,
        0.30953536240592366,
        0.34669721560681716,
        0.36473292772721916,
        0.38622166543652015,
        0.378244581465329,
        0.3893232038557074,
        0.3690063180988073
    ],
    "val_recall": [
        0.13013424677914487,
        0.13623618948414826,
        0.14971573387682258,
        0.17970860262645527,
        0.19776476069412027,
        0.253606256296139,
        0.20784265084983178,
        0.27130866209085586,
        0.2842998573533035,
        0.26895492658555503,
        0.2603020183568121,
        0.32018670775134744,
        0.2834341220497121,
        0.3057482096540055,
        0.28651689840802474,
        0.31623083039922567,
        0.3692181060526939,
        0.3737407091473854,
        0.36151900562998773,
        0.3447337190566505
    ]
}