{
    "train_loss": [
        3.2087607860565184,
        2.269619274139404,
        2.0380139112472535,
        2.0423661708831786,
        2.0646401762962343,
        1.9771825551986695,
        1.7489432096481323,
        1.7765247344970703,
        1.739100420475006,
        1.7177208542823792,
        1.6099964022636413,
        1.6031862020492553,
        1.806846010684967,
        1.4882049202919005,
        1.351066517829895,
        1.3176892876625061,
        1.412866508960724,
        1.2010480880737304,
        1.068279629945755,
        1.0681264996528625,
        0.8743756532669067,
        0.9340683341026306,
        0.8852010905742645,
        0.8028208315372467,
        0.7828618943691253,
        0.6829278945922852,
        0.5166979163885117,
        0.4179351955652237,
        0.277224400639534,
        0.7577132523059845,
        0.625611412525177,
        0.3622767925262451,
        0.19808015376329421,
        0.21232404112815856,
        0.3677529662847519,
        0.3046824559569359,
        0.12025851160287857,
        0.22595954239368438,
        0.1647114373743534,
        0.08523129858076572
    ],
    "train_acc": [
        0.0859375,
        0.2578125,
        0.28125,
        0.2734375,
        0.3515625,
        0.3046875,
        0.3515625,
        0.3671875,
        0.4296875,
        0.421875,
        0.4375,
        0.453125,
        0.4140625,
        0.4921875,
        0.5703125,
        0.5234375,
        0.6015625,
        0.578125,
        0.5546875,
        0.59375,
        0.7265625,
        0.59375,
        0.7421875,
        0.7265625,
        0.78125,
        0.7265625,
        0.8671875,
        0.90625,
        0.9453125,
        0.7578125,
        0.84375,
        0.9296875,
        0.9453125,
        0.9765625,
        0.8828125,
        0.9453125,
        0.9921875,
        0.953125,
        0.9609375,
        0.9921875
    ],
    "train_precision": [
        0.06233012107734124,
        0.10701621073961498,
        0.16500276039749723,
        0.26789021164021165,
        0.2930945128655667,
        0.23141059521873475,
        0.32153938770786594,
        0.26322115384615385,
        0.31295454545454543,
        0.37030579827238813,
        0.3962780346252213,
        0.33673718361218363,
        0.4659848632088258,
        0.39306526806526804,
        0.46880872680291286,
        0.5070976307189543,
        0.7127394636015325,
        0.5934266067538125,
        0.579040404040404,
        0.5611658980854027,
        0.6144855520054353,
        0.5777380952380953,
        0.7169031109445276,
        0.664749614420667,
        0.6704614797864226,
        0.8022593445980543,
        0.8942429812834225,
        0.8985182709447415,
        0.9347222222222222,
        0.7786561264822134,
        0.8439299830604179,
        0.9098484848484849,
        0.9423082729468599,
        0.9604166666666667,
        0.840737118697645,
        0.9470486111111112,
        0.9921875,
        0.9217596129360834,
        0.9381642206477734,
        0.9943181818181819
    ],
    "train_recall": [
        0.12001811594202898,
        0.131065034709536,
        0.1836003820033956,
        0.20582162290753622,
        0.2684294534678166,
        0.2458270895770896,
        0.3098201004539747,
        0.3156011945007888,
        0.2632443564107401,
        0.35857546740698915,
        0.33249712873264753,
        0.367370616712722,
        0.3327177452177452,
        0.41075263590009503,
        0.4277733969829558,
        0.42264339826839825,
        0.49643658607474395,
        0.5042696192696193,
        0.4951053374203279,
        0.5035818713450293,
        0.6105636258568469,
        0.5661554570091155,
        0.7584264693639693,
        0.5612027846705265,
        0.6826923076923077,
        0.6789950949433708,
        0.7831896521322067,
        0.9083975256769374,
        0.9299289891395155,
        0.7409722222222221,
        0.8184523809523809,
        0.9197566526610644,
        0.947463768115942,
        0.9799242424242425,
        0.9028716216216216,
        0.9472741459073291,
        0.9921875,
        0.9270104895104896,
        0.9622935543988176,
        0.9958333333333333
    ],
    "val_loss": [
        2.3107603391011557,
        2.1412054697672525,
        2.3054948647816977,
        2.2037569416893854,
        2.1203251282374063,
        1.9331817891862657,
        2.0430331097708807,
        1.853902088271247,
        1.9612434572643704,
        1.7184930509991116,
        1.8484260108735826,
        2.1421806282467313,
        1.8002696302202013,
        1.664605114195082,
        1.6924049192004733,
        1.9256779617733426,
        1.5667635334862604,
        1.605757435162862,
        1.5443845457500882,
        1.614571452140808,
        1.6874566210640802,
        1.6596847772598267,
        1.6529658370547824,
        1.9314857323964436,
        1.6038927634557087,
        1.703853342268202,
        1.8093486229578655,
        1.752216551038954,
        2.566979037390815,
        1.8859397172927856,
        1.826410174369812,
        1.8388871881696913,
        1.9126124382019043,
        2.1288889381620617,
        1.972702874077691,
        1.8477062516742282,
        2.0419015751944647,
        1.9496390554640028,
        2.049644205305311,
        2.1102386580573187
    ],
    "val_acc": [
        0.25,
        0.28345959595959597,
        0.18797348484848486,
        0.29040404040404044,
        0.27122790404040403,
        0.33396464646464646,
        0.33791035353535354,
        0.3585069444444444,
        0.3237847222222222,
        0.41603535353535354,
        0.3826546717171717,
        0.39678030303030304,
        0.4210858585858586,
        0.4010416666666667,
        0.42037563131313127,
        0.39070391414141414,
        0.4692234848484848,
        0.47064393939393934,
        0.496054292929293,
        0.4943181818181819,
        0.46504103535353536,
        0.4783775252525253,
        0.49542297979797983,
        0.4209280303030303,
        0.49992108585858586,
        0.4901357323232323,
        0.5009469696969697,
        0.5270675505050506,
        0.42329545454545453,
        0.49629103535353536,
        0.48098169191919193,
        0.5325915404040403,
        0.5225694444444444,
        0.49463383838383845,
        0.5235164141414141,
        0.5217803030303031,
        0.5059185606060606,
        0.5369318181818181,
        0.5108112373737375,
        0.5340909090909091
    ],
    "val_precision": [
        0.10371594596715178,
        0.14449030682839614,
        0.169395730850964,
        0.13056169245046212,
        0.16821604988127614,
        0.24839123867178886,
        0.20660383636274487,
        0.232244850532257,
        0.23804587920331777,
        0.2902643091605072,
        0.30900223941380195,
        0.3040257530966025,
        0.28800962552145504,
        0.35276617739587046,
        0.34289425775241145,
        0.3955314204140701,
        0.3667820257321713,
        0.3383872793494971,
        0.44147554209779877,
        0.3694333714667207,
        0.42406083245340986,
        0.38665713646829875,
        0.4210801530117342,
        0.4114308668246666,
        0.4550009333057944,
        0.4473363130710595,
        0.4308525880087078,
        0.46946941629929473,
        0.4641743611856467,
        0.42919237561649964,
        0.44080693298459,
        0.52874654637575,
        0.47649367505339135,
        0.4115568138890077,
        0.4286156523732541,
        0.4330350494953452,
        0.46423092765071833,
        0.4733541884234953,
        0.4333153858818742,
        0.4617033784579127
    ],