{
    "Test Accuracy": 0.8190017097264437,
    "Test Precision": 0.8075911328537074,
    "Test Recall": 0.7876075777150741
}