{
    "train_loss": [
        1.6276908278465272,
        1.4121739864349365,
        1.3109164357185363,
        1.2117169618606567,
        1.0351984262466432,
        0.9465373158454895,
        0.9156794250011444,
        0.8137822568416595,
        0.7313320279121399,
        0.5009236633777618,
        0.49650856852531433,
        0.4511850029230118,
        0.32817738205194474,
        0.2591668516397476,
        0.20363317131996156,
        0.20311252474784852,
        0.17568707913160325,
        0.14712438210844994,
        0.1173428613692522,
        0.09882009364664554,
        0.08123360583558678,
        0.058378306403756144,
        0.08353871144354344,
        0.0837386080995202,
        0.07673964891582727
    ],
    "train_acc": [
        0.3125,
        0.4765625,
        0.4921875,
        0.5625,
        0.5859375,
        0.625,
        0.6953125,
        0.7265625,
        0.765625,
        0.875,
        0.796875,
        0.8359375,
        0.921875,
        0.921875,
        0.9375,
        0.9453125,
        0.9375,
        0.984375,
        0.96875,
        0.9921875,
        0.9921875,
        0.9921875,
        0.953125,
        0.984375,
        0.984375
    ],
    "train_precision": [
        0.1831043956043956,
        0.35927942862573425,
        0.4302593911464879,
        0.5313627819548872,
        0.46362470713684967,
        0.47813544277360065,
        0.5959316418875242,
        0.7240270146520147,
        0.7115800865800865,
        0.8843278432094221,
        0.7573851699770817,
        0.841188909774436,
        0.8949375025129669,
        0.9239678612158451,
        0.9364267676767677,
        0.9143477182539683,
        0.9240981240981241,
        0.9860742705570292,
        0.974842395814125,
        0.9861111111111112,
        0.9943181818181819,
        0.9875,
        0.9552971576227389,
        0.9756944444444444,
        0.9718137254901961
    ],
    "train_recall": [
        0.24006410256410257,
        0.35316001400560226,
        0.4021567560162161,
        0.45902361527361524,
        0.4645602151116857,
        0.4673785841548999,
        0.5759716590598943,
        0.6262832125603865,
        0.6906385281385281,
        0.8357789855072464,
        0.7487653793574846,
        0.8021331738437002,
        0.9135133788094314,
        0.9223939948939949,
        0.906472816399287,
        0.9365797601091719,
        0.9491069782144833,
        0.9830316742081449,
        0.9447303921568628,
        0.9943181818181819,
        0.9921875,
        0.9926470588235294,
        0.9588293650793651,
        0.962171052631579,
        0.9863970588235295
    ],
    "val_loss": [
        1.606588568006243,
        1.435284924507141,
        1.318120309284755,
        1.2292127677372524,
        1.1247689689908709,
        1.1150970578193664,
        1.0145238195146833,
        0.9503436991146632,
        0.9136572446141924,
        0.8375963415418353,
        0.8992715426853725,
        0.7886624710900443,
        0.8251735244478499,
        0.7637574008532932,
        0.7777477025985717,
        0.8250182594571794,
        0.9138393776757376,
        0.7684279237474714,
        0.763783005305699,
        0.753947753565652,
        0.8411209089415413,
        0.7774689418928964,
        0.812878852231162,
        0.7976809569767543,
        0.8142361436571394
    ],
    "val_acc": [
        0.4100399436090226,
        0.47831531954887213,
        0.5163674812030075,
        0.5490718984962406,
        0.5922885338345865,
        0.5977326127819549,
        0.6341846804511279,
        0.6658999060150376,
        0.6865906954887219,
        0.721266447368421,
        0.7111442669172933,
        0.7518068609022557,
        0.765422932330827,
        0.7899083646616541,
        0.7972650375939849,
        0.7872109962406015,
        0.7835714285714286,
        0.8092410714285715,
        0.8166071428571429,
        0.8273989661654135,
        0.8177913533834587,
        0.8292034774436091,
        0.8264191729323308,
        0.8206931390977444,
        0.8251950187969925
    ],
    "val_precision": [
        0.2692171233857779,
        0.363365184552331,
        0.41607496603159416,
        0.44764573053345275,
        0.531507462932549,
        0.5219617280119851,
        0.5726038205356255,
        0.6174664414574605,
        0.6369750984573187,
        0.6759064932926482,
        0.6634152255529342,
        0.7114113220068087,
        0.7386993740942372,
        0.7583587128315828,
        0.7688779124678858,
        0.7548446976558394,
        0.7517664731788156,
        0.7759188930407872,
        0.7771732648039579,
        0.802418743099627,
        0.7838454830639573,
        0.8040085305276421,
        0.788850807003134,
        0.7846632528774895,
        0.7942945189348863
    ],
    "val_recall": [
        0.29475824966998504,
        0.36663950689030683,
        0.4093338158040001,
        0.45483892137475795,
        0.4940428476310492,
        0.49645622809607987,
        0.5303752353343533,
        0.5900310232671239,
        0.6167307645535146,
        0.6494777995527169,
        0.6624190309362239,
        0.7186872224368448,
        0.7171541525610267,
        0.7540153933063897,
        0.7676449560155402,
        0.7582727175675595,
        0.750883740768522,
        0.7844304482808131,
        0.7827663669042219,
        0.7965027531657106,
        0.7914850040840944,
        0.803716254436216,
        0.8036188107818831,
        0.7942855030331301,
        0.7916930091611499
    ]
}